log_area	enum_name	result	note
bastok	THE_SIRENS_TEAR	CONFIRMED
bastok	BEAUTY_AND_THE_GALKA	CONFIRMED
bastok	WELCOME_TO_BASTOK	CONFIRMED
bastok	GUEST_OF_HAUTEUR	CONFIRMED	header comment on line 2 reads "Welcome to Bastok"
bastok	THE_QUADAVS_CURSE	CONFIRMED
bastok	OUT_OF_ONES_SHELL	CONFIRMED
bastok	HEARTS_OF_MYTHRIL	CONFIRMED
bastok	THE_ELEVENTHS_HOUR	CONFIRMED
bastok	SHADY_BUSINESS	CONFIRMED
bastok	A_FOREMANS_BEST_FRIEND	CONFIRMED
bastok	BREAKING_STONES	CONFIRMED
bastok	THE_COLD_LIGHT_OF_DAY	CONFIRMED
bastok	GOURMET	CONFIRMED
bastok	THE_ELVAAN_GOLDSMITH	CONFIRMED
bastok	A_FLASH_IN_THE_PAN	CONFIRMED
bastok	SMOKE_ON_THE_MOUNTAIN	CONFIRMED	header comment on line 2 reads "Shady Business"
bastok	STAMP_HUNT	CONFIRMED
bastok	FOREVER_TO_HOLD	CONFIRMED
bastok	TILL_DEATH_DO_US_PART	CONFIRMED
bastok	FALLEN_COMRADES	CONFIRMED
bastok	RIVALS	CONFIRMED
bastok	MOM_THE_ADVENTURER	CONFIRMED
bastok	THE_SIGNPOST_MARKS_THE_SPOT	CONFIRMED
bastok	PAST_PERFECT	CONFIRMED
bastok	STARDUST	CONFIRMED
bastok	MEAN_MACHINE	CONFIRMED
bastok	CIDS_SECRET	CONFIRMED
bastok	THE_USUAL	CONFIRMED
bastok	BLADE_OF_DARKNESS	CONFIRMED	carries its own TODO verification note; DRK unlock gated on ChaosbringerKills >= 100
bastok	FATHER_FIGURE	CONFIRMED
bastok	THE_RETURN_OF_THE_ADVENTURER	CONFIRMED
bastok	DRACHENFALL	CONFIRMED
bastok	VENGEFUL_WRATH	CONFIRMED
bastok	BEADEAUX_SMOG	CONFIRMED	uses xi.keyItem, the primary table; xi.ki is the alias, so this is correct
bastok	THE_CURSE_COLLECTOR	CONFIRMED
bastok	FEAR_OF_FLYING	CONFIRMED
bastok	THE_WISDOM_OF_ELDERS	CONFIRMED
bastok	GROCERIES	CONFIRMED
bastok	THE_BARE_BONES	CONFIRMED
bastok	MINESWEEPER	CONFIRMED
bastok	THE_DARKSMITH	CONFIRMED
bastok	BUCKETS_OF_GOLD	CONFIRMED
bastok	THE_STARS_OF_IFRIT	CONFIRMED	
bastok	LOVE_AND_ICE	CONFIRMED	
bastok	BRYGID_THE_STYLIST	CONFIRMED	
bastok	THE_GUSTABERG_TOUR	CONFIRMED	
bastok	BITE_THE_DUST	CONFIRMED	
bastok	BLADE_OF_DEATH	CONFIRMED	
bastok	SILENCE_OF_THE_RAMS	CONFIRMED	fameArea corrected to NORG per wiki; gates on NORG fame
bastok	ALTANAS_SORROW	CONFIRMED	Virnage onTrigger uses raw player:startEvent instead of quest:event; works but bypasses framework priority
bastok	A_LADYS_HEART	CONFIRMED	
bastok	GHOSTS_OF_THE_PAST	CONFIRMED	
bastok	THE_FIRST_MEETING	CONFIRMED	
bastok	TRUE_STRENGTH	CONFIRMED	
bastok	THE_DOORMAN	CONFIRMED	
bastok	THE_TALEKEEPERS_TRUTH	CONFIRMED	
bastok	THE_TALEKEEPERS_GIFT	CONFIRMED	
bastok	DARK_LEGACY	CONFIRMED	
bastok	DARK_PUPPET	CONFIRMED	
bastok	BLADE_OF_EVIL	CONFIRMED	
bastok	AYAME_AND_KAEDE	CONFIRMED	
bastok	TRIAL_BY_EARTH	CONFIRMED	
bastok	A_TEST_OF_TRUE_LOVE	CONFIRMED	
bastok	LOVERS_IN_THE_DUSK	CONFIRMED	
bastok	WISH_UPON_A_STAR	CONFIRMED	
bastok	THE_WEIGHT_OF_YOUR_LIMITS	CONFIRMED	WS quest, unlocks Steel Cyclone
bastok	SHOOT_FIRST_ASK_QUESTIONS_LATER	CONFIRMED	WS quest, unlocks Detonator
bastok	INHERITANCE	CONFIRMED	WS quest, unlocks Ground Strike
bastok	THE_WALLS_OF_YOUR_MIND	CONFIRMED	WS quest, unlocks Asuran Fists
bastok	TRIAL_SIZE_TRIAL_BY_EARTH	CONFIRMED	carries a documented fix for a duplicated scroll reward
bastok	FADED_PROMISES	CONFIRMED	carries a documented fix: fame area is Norg not Bastok, prereq added
bastok	A_QUESTION_OF_FAITH	CONFIRMED	
bastok	TEAK_ME_TO_THE_STARS	CONFIRMED	
bastok	ACHIEVING_TRUE_POWER	CONFIRMED	
bastok	TOO_MANY_CHEFS	CONFIRMED	spans 4 NPCs: Ferghus 946 -> Leonhardt 948 -> Raginmund 112 -> Leonhardt trade 950 -> Ferghus 947 -> Umberto 473; gated on ENABLE_WOTG
bastok	A_DISCERNING_EYE	CONFIRMED	shared module scripts/globals/discerning_eye.lua read in full; carries a documented fix for Passengers shipping as status 2
bastok	ESCORT_FOR_HIRE	CONFIRMED	STILL SIMPLIFIED (flagged in file): Olavia does not path, no route waypoints. Carries documented fixes for a csid collision with Bodaway and unbounded fame
bastok	BRYGID_THE_STYLIST_RETURNS	CONFIRMED	
bastok	CHIPS	CONFIRMED	carries a documented fix: CoP gate was 6-4, wiki says 6-3
bastok	SYNERGISTIC_SUPPORT	CONFIRMED	carries documented csid decode replacing invented 702/703
bastok	OUT_OF_THE_DEPTHS	CONFIRMED	carries a documented title fix
bastok	RETURN_TO_THE_DEPTHS	CONFIRMED	
bastok	THE_WONDROUS_WHATCHAMACALLIT	CONFIRMED	STILL SIMPLIFIED (flagged in file): six Cloister stone spots and the synergy recipe are not wired
bastok	ALL_BY_MYSELF	CONFIRMED	STILL SIMPLIFIED (flagged): Ken does not path, so the 8 position triggers and spot/death failures are not wired
bastok	HYPER_ACTIVE	CONFIRMED	carries the Cermet Door correction (_543 not the named door); lamp selection randomised, retail rule unknown
bastok	THE_NAMING_GAME	CONFIRMED	STILL SIMPLIFIED (flagged): chosen airship name is stored but nothing renders it; restores the retail 3,600 first-clear gil
bastok	FULLY_MENTAL_ALCHEMIST	CONFIRMED	NEEDS PROBE (flagged): which csid 24 option is "wash carefully" is undecoded
bastok	BAIT_AND_SWITCH	CONFIRMED	Chameleon Capers prereq deliberately dropped, fellow line removed on this server; wrong-switch alert NPCs not wired
bastok	A_PROPER_BURIAL	CONFIRMED	STILL SIMPLIFIED (flagged): the two advice branches share one csid chain; Lamepaue replay collision neutralised by entity gating
bastok	TRUST_BASTOK	CONFIRMED	Iron Eater memory conditions are a TODO stub upstream; Volker Heros Combat and Naji chocobo racing conditions absent
bastok	ECO_WARRIOR	CONFIRMED	Bastok variant lives in scripts/zones/Port_Bastok/npcs/Raifa.lua; cross-nation gating via the EcoStatus 101-103 band
bastok	LURE_OF_THE_WILDCAT	CONFIRMED	Bastok variant, 20 NPCs tracked by bit flags, gated on ENABLE_TOAU
bastok	SYNERGUSTIC_PURSUITS	CONFIRMED	enum name is misspelled ("Synergistic" on bg-wiki) but the table and the file agree, so it resolves; grandfathered quest, modern one-step flow
windurst	A_FEATHER_IN_ONES_CAP	CONFIRMED	
windurst	A_CRISIS_IN_THE_MAKING	CONFIRMED	
windurst	MAKING_AMENDS	CONFIRMED	
windurst	MAKING_THE_GRADE	CONFIRMED	
windurst	IN_A_PICKLE	CONFIRMED	carries a documented fix: the random gate was on the offer, not the stone rejection
windurst	WONDERING_MINSTREL	CONFIRMED	csids pinned by content search on the required response line
outlands	A_QUESTION_OF_TASTE	CONFIRMED	
outlands	MAMA_MIA	CONFIRMED	
windurst	HAT_IN_HAND	CONFIRMED	tiered reward by number of NPCs shown the hat
windurst	A_POSE_BY_ANY_OTHER_NAME	CONFIRMED	1 hour timer, failure grants a booby title
windurst	THE_MOONLIT_PATH	CONFIRMED	Fenrir chain, implemented in Leepe-Hoppe.lua
windurst	TUNING_OUT	CONFIRMED	same file, Leepe-Hoppe.lua
windurst	STAR_STRUCK	CONFIRMED	
windurst	BLAST_FROM_THE_PAST	CONFIRMED	
windurst	A_SMUDGE_ON_ONES_RECORD	CONFIRMED	
windurst	CHASING_TALES	CONFIRMED	
windurst	FOOD_FOR_THOUGHT	CONFIRMED	
windurst	OVERNIGHT_DELIVERY	CONFIRMED	in-game-time delivery window enforced
windurst	WATER_WAY_TO_GO	CONFIRMED	
windurst	BLUE_RIBBON_BLUES	CONFIRMED	
windurst	THE_ALL_NEW_C_3000	CONFIRMED	
windurst	THE_POSTMAN_ALWAYS_KOS_TWICE	CONFIRMED	implemented in Windurst_Walls/npcs/Ambrosius.lua, tiered by items traded
windurst	EARLY_BIRD_CATCHES_THE_BOOKWORM	CONFIRMED	
windurst	CATCH_IT_IF_YOU_CAN	CONFIRMED	
windurst	ALL_AT_SEA	CONFIRMED	
windurst	THE_ALL_NEW_C_2000	CONFIRMED	
windurst	MAKING_AMENS	PARTIAL	only the Garlaige Citadel Broken Wand step exists (Mashira.lua); no start or completion NPC found
windurst	ROCK_RACKETEER	CONFIRMED	
windurst	CHOCOBILIOUS	CONFIRMED	
windurst	TEACHERS_PET	CONFIRMED	
windurst	REAP_WHAT_YOU_SOW	CONFIRMED	carries a documented gate: Let Sleeping Dogs Lie takes priority at fame 4+
windurst	GLYPH_HANGER	CONFIRMED	
windurst	THE_FANGED_ONE	CONFIRMED	unlocks RNG
windurst	CURSES_FOILED_AGAIN_1	CONFIRMED	
windurst	CURSES_FOILED_AGAIN_2	CONFIRMED	
windurst	MANDRAGORA_MAD	CONFIRMED	carries a documented repeatable fix
windurst	TO_BEE_OR_NOT_TO_BEE	CONFIRMED	csids decoded, five-stage honey progression
windurst	TRUTH_JUSTICE_AND_THE_ONION_WAY	CONFIRMED	
windurst	SCOOPED	CONFIRMED	
windurst	CREEPY_CRAWLIES	CONFIRMED	
windurst	KNOW_ONES_ONIONS	CONFIRMED	branches on Windurst rank as the late/in-time cutoff, flagged as unverified upstream
windurst	INSPECTORS_GADGET	CONFIRMED	
windurst	ONION_RINGS	CONFIRMED	24 hour Vanadiel timer
windurst	LEGENDARY_PLAN_B	CONFIRMED	
windurst	MAKING_HEADLINES	PARTIAL	only the Inner Horutoto Mahogany Door step read (_5ca.lua); quest spans Umumu, Kyume-Romeh, Yuyuju, Hiwom-Gomoi
windurst	A_GREETING_CARDIAN	PARTIAL	only step three read (Buburimu Five_of_Spades.lua); start is Windurst_Woods Spare_Five.lua
windurst	LET_SLEEPING_DOGS_LIE	CONFIRMED	carries a documented title fix
windurst	CAN_CARDIANS_CRY	CONFIRMED	carries a documented title fix
windurst	HEAVEN_CENT	CONFIRMED	csids decoded; constellation forgery puzzle real; Rusty Key drop still needs a mob_droplist row
windurst	SAY_IT_WITH_FLOWERS	CONFIRMED	
windurst	HOIST_THE_JELLY_ROGER	CONFIRMED	
windurst	SOMETHING_FISHY	CONFIRMED	
windurst	TO_CATCH_A_FALLING_STAR	CONFIRMED	implemented in Port_Windurst/npcs/Sigismund.lua
windurst	PAYING_LIP_SERVICE	CONFIRMED	blocks while Chocobilious is active, per wiki
windurst	THE_AMAZIN_SCORPIO	CONFIRMED	
windurst	TWINSTONE_BONDING	CONFIRMED	
windurst	CURSES_FOILED_A_GOLEM	CONFIRMED	
windurst	ACTING_IN_GOOD_FAITH	CONFIRMED	
windurst	FLOWER_CHILD	CONFIRMED	moghouse exit flag
windurst	THE_THREE_MAGI	CONFIRMED	BLM AF1, Heavens_Tower/npcs/Chumimi.lua plus Xarcabard qm1
windurst	RECOLLECTIONS	CONFIRMED	BLM AF2, Chumimi.lua plus Castle Zvahl Keep ore door
windurst	THE_ROOT_OF_THE_PROBLEM	CONFIRMED	BLM AF3, Chumimi.lua
windurst	THE_TENSHODO_SHOWDOWN	CONFIRMED	THF AF1, includes onSteal handlers on four Quadav
windurst	WONDER_WANDS	PARTIAL	only Port_Windurst Goltata.lua read; start and completion are on Kuroido-Moido
windurst	HITTING_THE_MARQUISATE	CONFIRMED	THF AF3, six Garlaige QMs plus the chandelier
windurst	SIN_HUNTING	CONFIRMED	RNG AF1, Windurst_Woods/npcs/Perih_Vashai.lua
windurst	FIRE_AND_BRIMSTONE	CONFIRMED	RNG AF2, same file
windurst	UNBRIDLED_PASSION	CONFIRMED	RNG AF3, same file; carries a documented title fix
windurst	I_CAN_HEAR_A_RAINBOW	CONFIRMED	SMN unlock, 25 zone weather-light handlers
windurst	CRYING_OVER_ONIONS	CONFIRMED	
windurst	WILD_CARD	CONFIRMED	carries a documented fix: Joker coffer override was on the wrong zone (161 not 169)
windurst	THE_PROMISE	CONFIRMED	
windurst	NOTHING_MATTERS	CONFIRMED	STILL SIMPLIFIED (flagged): Fuepepe step and the six-door quiz absent; fabricated Vile Elixir removed
windurst	TORAIMARAI_TURMOIL	CONFIRMED	
windurst	THE_PUPPET_MASTER	CONFIRMED	SMN AF1
windurst	ECO_WARRIOR	CONFIRMED	Windurst variant, Windurst_Waters/npcs/Lumomo.lua, EcoStatus 201-203 band
windurst	FROM_SAPLINGS_GROW	CONFIRMED	WS quest, unlocks Empyreal Arrow
windurst	ORASTERY_WOES	CONFIRMED	WS quest, unlocks Black Halo
windurst	BLOOD_AND_GLORY	CONFIRMED	WS quest, unlocks Retribution
windurst	ESCORT_FOR_HIRE	CONFIRMED	Windurst variant; carries four documented fixes incl. a Ramblix csid cross-fire and a duplicate 10k bonus
windurst	CLASS_REUNION	PARTIAL	only the Fuepepe hint step read; battlefield lives in scripts/battlefields/Cloister_of_Frost
windurst	CARBUNCLE_DEBACLE	PARTIAL	only the Mhaura Ripapa pendulum step read; battlefield in Cloister_of_Storms
windurst	TUNING_IN	CONFIRMED	
windurst	ONE_GOOD_DEED	CONFIRMED	
windurst	WAKING_DREAMS	CONFIRMED	Diabolos unlock, repeatable with JST lockout
windurst	BABBAN_NY_MHEILLEA	CONFIRMED	csids decoded; carries a documented fix, 990 was the reminder not the completion; rootprint order is fixed not free
windurst	TRUST_WINDURST	CONFIRMED	
windurst	LURE_OF_THE_WILDCAT	PARTIAL	only Port_Windurst Choyi_Totlihpa read; the Windurst variant spans ~20 NPCs by bitmask
sandoria	A_SENTRYS_PERIL	CONFIRMED	
sandoria	WATERS_OF_THE_CHEVAL	CONFIRMED	
sandoria	ROSEL_THE_ARMORER	CONFIRMED	random Pieuje/Trion recipient
sandoria	THE_PICKPOCKET	CONFIRMED	30+ informational NPC lines across three zones
sandoria	FATHER_AND_SON	CONFIRMED	
sandoria	THE_SEAMSTRESS	CONFIRMED	repeatable
sandoria	THE_DISMAYED_CUSTOMER	CONFIRMED	random one of three West Ronfaure QMs
sandoria	THE_TRADER_IN_THE_FOREST	CONFIRMED	
sandoria	THE_SWEETEST_THINGS	CONFIRMED	
sandoria	THE_VICASQUES_SERMON	CONFIRMED	
sandoria	A_SQUIRES_TEST	CONFIRMED	
sandoria	GRAVE_CONCERNS	CONFIRMED	handles the dropped-waterskin recovery path
sandoria	THE_BRUGAIRE_CONSORTIUM	CONFIRMED	three-parcel delivery chain
sandoria	A_SQUIRES_TEST_II	CONFIRMED	30 second dew timer between the two Ordelles QMs
sandoria	TIGERS_TEETH	CONFIRMED	
sandoria	UNDYING_FLAMES	CONFIRMED	
sandoria	A_PURCHASE_OF_ARMS	CONFIRMED	
sandoria	A_KNIGHTS_TEST	CONFIRMED	unlocks PLD
sandoria	THE_MEDICINE_WOMAN	CONFIRMED	
sandoria	BLACK_TIGER_SKINS	CONFIRMED	
sandoria	GROWING_FLOWERS	CONFIRMED	moghouse exit flag
sandoria	TRIAL_BY_ICE	CONFIRMED	Northern_San_dOria/npcs/Gulmama.lua, Shiva unlock
sandoria	THE_GENERALS_SECRET	CONFIRMED	
sandoria	THE_RUMOR	CONFIRMED	carries a documented fameArea fix
sandoria	HER_MAJESTYS_GARDEN	CONFIRMED	
sandoria	INTRODUCTION_TO_TEAMWORK	CONFIRMED	
sandoria	INTERMEDIATE_TEAMWORK	CONFIRMED	
sandoria	ADVANCED_TEAMWORK	CONFIRMED	
sandoria	GRIMY_SIGNPOSTS	CONFIRMED	
sandoria	A_JOB_FOR_THE_CONSORTIUM	CONFIRMED	smuggling check, customs confiscation and airship suspension
sandoria	TROUBLE_AT_THE_SLUICE	CONFIRMED	
sandoria	THE_MERCHANTS_BIDDING	CONFIRMED	
sandoria	BLACKMAIL	CONFIRMED	
sandoria	UNEXPECTED_TREASURE	DEFECT	RULE VIOLATION: header admits "CSIDs below are best-guess from client event dump" and "simplified here for a 4-player private server". Guessed csids and a deliberate simplified flow. Needs a decode and a retail rebuild.
sandoria	FLYERS_FOR_REGINE	PARTIAL	only the shared helper scripts/quests/flyers_for_regine.lua read; the quest driver is elsewhere
sandoria	GATES_TO_PARADISE	PARTIAL	only La_Theine Faurbellant scripture hand-off read
sandoria	TO_CURE_A_COUGH	PARTIAL	only the Davoi qm1 thyme moss step read
sandoria	THE_RIVALRY	CONFIRMED	
sandoria	THE_COMPETITION	CONFIRMED	
sandoria	STARTING_A_FLAME	CONFIRMED	
sandoria	FEAR_OF_THE_DARK	CONFIRMED	
sandoria	WARDING_VAMPIRES	CONFIRMED	
sandoria	SLEEPLESS_NIGHTS	CONFIRMED	
sandoria	LUFETS_LAKE_SALT	CONFIRMED	
sandoria	HEALING_THE_LAND	CONFIRMED	
sandoria	SORCERY_OF_THE_NORTH	CONFIRMED	
sandoria	THE_CRIMSON_TRIAL	CONFIRMED	RDM AF1
sandoria	ENVELOPED_IN_DARKNESS	CONFIRMED	RDM AF2
sandoria	MESSENGER_FROM_BEYOND	CONFIRMED	
sandoria	PRELUDE_OF_BLACK_AND_WHITE	CONFIRMED	
sandoria	PIEUJES_DECISION	CONFIRMED	WHM AF3 start via _6h1
sandoria	SHARPENING_THE_SWORD	CONFIRMED	
sandoria	A_BOYS_DREAM	CONFIRMED	old-style, qm9 Crawlers Nest
sandoria	UNDER_OATH	CONFIRMED	old-style charvar chain
sandoria	THE_HOLY_CREST	CONFIRMED	old-style charvar chain
sandoria	A_CRAFTSMANS_WORK	CONFIRMED	DRG AF1
sandoria	KNIGHT_STALKER	CONFIRMED	DRG AF3
sandoria	ECO_WARRIOR	CONFIRMED	old-style, EcoStatus charvar
sandoria	METHODS_CREATE_MADNESS	CONFIRMED	
sandoria	SOULS_IN_SHADOW	CONFIRMED	
sandoria	A_TASTE_FOR_MEAT	CONFIRMED	
sandoria	EXIT_THE_GAMBLER	CONFIRMED	
sandoria	ESCORT_FOR_HIRE	PARTIAL	STILL SIMPLIFIED header: Cannau does not path, H-8 door switch not modelled
sandoria	A_DISCERNING_EYE	CONFIRMED	delegates to globals/discerning_eye.lua
sandoria	A_TIMELY_VISIT	CONFIRMED	
sandoria	FIT_FOR_A_PRINCE	DEFECT	header admits best-guess csids 578/579 AND simplified single-player flow granting both rings
sandoria	TRIAL_SIZE_TRIAL_BY_ICE	CONFIRMED	
sandoria	SIGNED_IN_BLOOD	CONFIRMED	
sandoria	TEA_WITH_A_TONBERRY	CONFIRMED	
sandoria	SPICE_GALS	CONFIRMED	
sandoria	OVER_THE_HILLS_AND_FAR_AWAY	CONFIRMED	
sandoria	ATELLOUNES_LAMENT	CONFIRMED	
sandoria	THICK_SHELLS	CONFIRMED	
sandoria	FOREST_FOR_THE_TREES	CONFIRMED	flagged: 856 has two selection prompts, may need onEventUpdate
sandoria	TRUST_SANDORIA	CONFIRMED	
sandoria	LURE_OF_THE_WILDCAT	PARTIAL	multi-NPC mask quest; Halver/Rahal bits read
otherAreas	RYCHARDE_THE_CHEF	CONFIRMED	
otherAreas	WAY_OF_THE_COOK	CONFIRMED	
otherAreas	UNENDING_CHASE	CONFIRMED	
otherAreas	HIS_NAME_IS_VALGEIR	CONFIRMED	
otherAreas	EXPERTISE	CONFIRMED	
otherAreas	THE_BASICS	CONFIRMED	
otherAreas	ORLANDOS_ANTIQUES	CONFIRMED	
otherAreas	THE_SAND_CHARM	CONFIRMED	
otherAreas	A_POTTERS_PREFERENCE	CONFIRMED	
otherAreas	THE_OLD_LADY	CONFIRMED	
otherAreas	FISHERMANS_HEART	CONFIRMED	
otherAreas	DONATE_TO_RECYCLING	CONFIRMED	
otherAreas	UNDER_THE_SEA	CONFIRMED	
otherAreas	ONLY_THE_BEST	CONFIRMED	
otherAreas	AN_EXPLORERS_FOOTSTEPS	CONFIRMED	
otherAreas	CARGO	CONFIRMED	
otherAreas	THE_GIFT	CONFIRMED	
otherAreas	THE_REAL_GIFT	CONFIRMED	
otherAreas	THE_RESCUE	CONFIRMED	
otherAreas	ELDER_MEMORIES	CONFIRMED	
otherAreas	TEST_MY_METTLE	CONFIRMED	
otherAreas	INSIDE_THE_BELLY	CONFIRMED	
otherAreas	TRIAL_BY_LIGHTNING	CONFIRMED	
otherAreas	ITS_RAINING_MANNEQUINS	CONFIRMED	
otherAreas	RECYCLING_RODS	CONFIRMED	
otherAreas	WAKING_THE_BEAST	CONFIRMED	
otherAreas	SURVIVAL_OF_THE_WISEST	DEFECT	header admits simplified: Gunther/Crimson Grimoire BCNM abstracted away, plain testimony trade completes SCH genkai 5
otherAreas	MONSTROSITY	CONFIRMED	
otherAreas	A_HARD_DAYS_KNIGHT	CONFIRMED	
otherAreas	X_MARKS_THE_SPOT	CONFIRMED	
otherAreas	A_BITTER_PAST	CONFIRMED	
otherAreas	THE_CALL_OF_THE_SEA	CONFIRMED	
otherAreas	PARADISE_SALVATION_AND_MAPS	CONFIRMED	
otherAreas	GO_GO_GOBMUFFIN	CONFIRMED	
otherAreas	THE_BIG_ONE	DEFECT	header admits simplified: retail escort + 3 Flesh NMs replaced by zone-in-and-return
otherAreas	FLY_HIGH	CONFIRMED	
otherAreas	UNFORGIVEN	CONFIRMED	
otherAreas	SECRETS_OF_OVENS_LOST	CONFIRMED	header comment on line 2 reads "Spice Gals"
otherAreas	PETALS_FOR_PARELBRIAUX	CONFIRMED	
otherAreas	ELDERLY_PURSUITS	CONFIRMED	
otherAreas	IN_THE_NAME_OF_SCIENCE	PARTIAL	only Meret.lua post-quest trade shop read
otherAreas	KNOCKING_ON_FORBIDDEN_DOORS	CONFIRMED	
otherAreas	CONFESSIONS_OF_A_BELLMAKER	CONFIRMED	
otherAreas	IN_SEARCH_OF_THE_TRUTH	CONFIRMED	
otherAreas	UNINVITED_GUESTS	CONFIRMED	
otherAreas	TANGO_WITH_A_TRACKER	CONFIRMED	
otherAreas	REQUIEM_OF_SIN	CONFIRMED	
otherAreas	VW_OP_026_TAVNAZIAN_TERRORS	CONFIRMED	
otherAreas	VW_OP_004_BIBIKI_BOMBARDMENT	CONFIRMED	
otherAreas	BOMBS_AWAY	CONFIRMED	
otherAreas	MITHRAN_DELICACIES	CONFIRMED	
otherAreas	GIVE_A_MOOGLE_A_BREAK	CONFIRMED	
otherAreas	THE_MOOGLE_PICNIC	CONFIRMED	
otherAreas	MOOGLES_IN_THE_WILD	CONFIRMED	
otherAreas	MISSIONARY_MOBLIN	CONFIRMED	
otherAreas	FOR_THE_BIRDS	CONFIRMED	
otherAreas	BETTER_THE_DEMON_YOU_KNOW	CONFIRMED	
otherAreas	AN_UNDERSTANDING_OVERLORD	CONFIRMED	
otherAreas	AN_AFFABLE_ADAMANTKING	CONFIRMED	
otherAreas	A_MORAL_MANIFEST	CONFIRMED	old-style, declared in Altar_Room/Zone.lua
windurst	MIHGOS_AMIGO	CONFIRMED	
windurst	IN_A_STEW	CONFIRMED	
windurst	AS_THICK_AS_THIEVES	CONFIRMED	THF AF2
windurst	A_DISCERNING_EYE	CONFIRMED	
sandoria	LIZARD_SKINS	CONFIRMED	
sandoria	DISTANT_LOYALTIES	CONFIRMED	
sandoria	OLD_WOUNDS	CONFIRMED	
otherAreas	THE_CLUE	CONFIRMED	
otherAreas	TRIAL_SIZE_TRIAL_BY_LIGHTNING	CONFIRMED	
otherAreas	BEHIND_THE_SMILE	CONFIRMED	
otherAreas	A_GENEROUS_GENERAL	CONFIRMED	
otherAreas	FULL_FIELDS	CONFIRMED	
otherAreas	GREEN_GROVES	CONFIRMED	
otherAreas	MINING_MISSIVE	CONFIRMED	
otherAreas	POND_PROBING	CONFIRMED	
otherAreas	COASTAL_CHAOS	CONFIRMED	2006 taken by position in verified 2002-2008 series
otherAreas	SEED_SOWING	CONFIRMED	
otherAreas	FLOTSAM_FINDING	CONFIRMED	2008 taken by position in verified series
otherAreas	COURTESY_CRUSTACEAN	CONFIRMED	
otherAreas	TRINKET_FOR_THE_TYRANT	CONFIRMED	
otherAreas	HYPNOTIC_HOSPITALITY	CONFIRMED	2032 taken by position
jeuno	CREST_OF_DAVOI	CONFIRMED	
jeuno	SAVE_MY_SISTER	CONFIRMED	
jeuno	A_CLOCK_MOST_DELICATE	CONFIRMED	
jeuno	SAVE_THE_CLOCK_TOWER	CONFIRMED	
jeuno	CHOCOBOS_WOUNDS	CONFIRMED	
jeuno	SAVE_MY_SON	CONFIRMED	
jeuno	A_CANDLELIGHT_VIGIL	CONFIRMED	
jeuno	COOKS_PRIDE	CONFIRMED	old-style, Naruru.lua
jeuno	YOUR_CRYSTAL_BALL	CONFIRMED	
jeuno	COLLECT_TARUT_CARDS	CONFIRMED	
jeuno	THE_OLD_MONUMENT	CONFIRMED	
jeuno	A_MINSTREL_IN_DESPAIR	CONFIRMED	
jeuno	RUBBISH_DAY	CONFIRMED	
jeuno	NEVER_TO_RETURN	CONFIRMED	
jeuno	COMMUNITY_SERVICE	CONFIRMED	
jeuno	TENSHODO_MEMBERSHIP	CONFIRMED	
jeuno	THE_LOST_CARDIAN	CONFIRMED	old-style, Monberaux.lua
jeuno	PATH_OF_THE_BEASTMASTER	CONFIRMED	
jeuno	PATH_OF_THE_BARD	CONFIRMED	
jeuno	THE_CLOCKMASTER	CONFIRMED	
jeuno	CANDLE_MAKING	CONFIRMED	
jeuno	CHILDS_PLAY	CONFIRMED	
jeuno	NORTHWARD	CONFIRMED	
jeuno	THE_ANTIQUE_COLLECTOR	CONFIRMED	
jeuno	DEAL_WITH_TENSHODO	CONFIRMED	
jeuno	THE_GOBBIEBAG_PART_I	CONFIRMED	
jeuno	THE_GOBBIEBAG_PART_II	CONFIRMED	
jeuno	THE_GOBBIEBAG_PART_III	CONFIRMED	
jeuno	THE_GOBBIEBAG_PART_IV	CONFIRMED	
jeuno	MYSTERIES_OF_BEADEAUX_I	CONFIRMED	
jeuno	MYSTERIES_OF_BEADEAUX_II	CONFIRMED	
jeuno	FISTFUL_OF_FURY	CONFIRMED	
jeuno	THE_GOBLIN_TAILOR	CONFIRMED	
jeuno	PRETTY_LITTLE_THINGS	CONFIRMED	
jeuno	BORGHERTZS_WARRING_HANDS	CONFIRMED	
jeuno	BORGHERTZS_STRIKING_HANDS	CONFIRMED	
jeuno	BORGHERTZS_HEALING_HANDS	CONFIRMED	
jeuno	BORGHERTZS_SORCEROUS_HANDS	CONFIRMED	
jeuno	BORGHERTZS_VERMILLION_HANDS	CONFIRMED	
jeuno	BORGHERTZS_SNEAKY_HANDS	CONFIRMED	
jeuno	BORGHERTZS_STALWART_HANDS	CONFIRMED	
jeuno	BORGHERTZS_SHADOWY_HANDS	CONFIRMED	
jeuno	BORGHERTZS_WILD_HANDS	CONFIRMED	
jeuno	BORGHERTZS_HARMONIOUS_HANDS	CONFIRMED	
jeuno	BORGHERTZS_CHASING_HANDS	CONFIRMED	
jeuno	BORGHERTZS_LOYAL_HANDS	CONFIRMED	
jeuno	BORGHERTZS_LURKING_HANDS	CONFIRMED	
jeuno	BORGHERTZS_DRAGON_HANDS	CONFIRMED	
jeuno	BORGHERTZS_CALLING_HANDS	CONFIRMED	
jeuno	AXE_THE_COMPETITION	CONFIRMED	
jeuno	WINGS_OF_GOLD	CONFIRMED	
jeuno	SCATTERED_INTO_SHADOW	CONFIRMED	
jeuno	A_NEW_DAWN	PARTIAL	only Sturm.lua mob hook read
jeuno	PAINFUL_MEMORY	CONFIRMED	
jeuno	THE_REQUIEM	PARTIAL	only Mataligeat.lua step read
jeuno	THE_CIRCLE_OF_TIME	PARTIAL	only Monastic_Cavern Altar.lua step read
jeuno	SEARCHING_FOR_THE_RIGHT_WORDS	PARTIAL	only Chululu.lua post-CS read
jeuno	BEAT_AROUND_THE_BUSHIN	PARTIAL	only Vola.lua start read
jeuno	DUCAL_HOSPITALITY	CONFIRMED	
jeuno	IN_THE_MOOD_FOR_LOVE	CONFIRMED	
jeuno	EMPTY_MEMORIES	CONFIRMED	
jeuno	HOOK_LINE_AND_SINKER	CONFIRMED	
jeuno	A_CHOCOBOS_TALE	CONFIRMED	
jeuno	A_REPUTATION_IN_RUINS	DEFECT	header admits simplified: Pso'Xja Gargoyle chain replaced by zone-in-and-return
jeuno	THE_GOBBIEBAG_PART_V	CONFIRMED	
jeuno	THE_GOBBIEBAG_PART_VI	CONFIRMED	
jeuno	BEYOND_THE_SUN	CONFIRMED	
jeuno	HAT_IN_HAND	PARTIAL	only Tosuka-Porika.lua step read
jeuno	STORMS_OF_FATE	CONFIRMED	
jeuno	SHADOWS_OF_THE_DEPARTED	CONFIRMED	
jeuno	APOCALYPSE_NIGH	DEFECT	title=BREAKER_OF_THE_CHAINS is a stray key at the end of quest.sections, not in quest.reward, so it is never granted and pollutes the sections table
jeuno	LURE_OF_THE_WILDCAT	CONFIRMED	
jeuno	THE_ROAD_TO_AHT_URHGAN	CONFIRMED	
jeuno	CHOCOBO_ON_THE_LOOSE	CONFIRMED	
jeuno	THE_GOBBIEBAG_PART_VII	CONFIRMED	
jeuno	THE_GOBBIEBAG_PART_VIII	CONFIRMED	
jeuno	LAKESIDE_MINUET	CONFIRMED	
jeuno	THE_UNFINISHED_WALTZ	CONFIRMED	
jeuno	THE_ROAD_TO_DIVADOM	CONFIRMED	
jeuno	COMEBACK_QUEEN	CONFIRMED	
jeuno	A_FURIOUS_FINALE	CONFIRMED	
jeuno	THE_MIRACULOUS_DALE	CONFIRMED	flagged: 10079 accept option unverified
jeuno	UNLOCKING_A_MYTH_WARRIOR	CONFIRMED	Zalsuhm.lua implements all 20 job variants
jeuno	UNLOCKING_A_MYTH_MONK	CONFIRMED	Zalsuhm.lua
jeuno	UNLOCKING_A_MYTH_WHITE_MAGE	CONFIRMED	Zalsuhm.lua
jeuno	UNLOCKING_A_MYTH_BLACK_MAGE	CONFIRMED	Zalsuhm.lua
jeuno	UNLOCKING_A_MYTH_RED_MAGE	CONFIRMED	Zalsuhm.lua
jeuno	UNLOCKING_A_MYTH_THIEF	CONFIRMED	Zalsuhm.lua
jeuno	UNLOCKING_A_MYTH_PALADIN	CONFIRMED	Zalsuhm.lua
jeuno	UNLOCKING_A_MYTH_DARK_KNIGHT	CONFIRMED	Zalsuhm.lua
jeuno	UNLOCKING_A_MYTH_BEASTMASTER	CONFIRMED	Zalsuhm.lua
jeuno	UNLOCKING_A_MYTH_BARD	CONFIRMED	Zalsuhm.lua
jeuno	UNLOCKING_A_MYTH_RANGER	CONFIRMED	Zalsuhm.lua
jeuno	UNLOCKING_A_MYTH_SAMURAI	CONFIRMED	Zalsuhm.lua
jeuno	UNLOCKING_A_MYTH_NINJA	CONFIRMED	Zalsuhm.lua
jeuno	UNLOCKING_A_MYTH_DRAGOON	CONFIRMED	Zalsuhm.lua
jeuno	UNLOCKING_A_MYTH_SUMMONER	CONFIRMED	Zalsuhm.lua
jeuno	UNLOCKING_A_MYTH_BLUE_MAGE	CONFIRMED	Zalsuhm.lua
jeuno	UNLOCKING_A_MYTH_CORSAIR	CONFIRMED	Zalsuhm.lua
jeuno	UNLOCKING_A_MYTH_PUPPETMASTER	CONFIRMED	Zalsuhm.lua
jeuno	UNLOCKING_A_MYTH_DANCER	CONFIRMED	Zalsuhm.lua
jeuno	UNLOCKING_A_MYTH_SCHOLAR	CONFIRMED	Zalsuhm.lua
jeuno	THE_GOBBIEBAG_PART_IX	CONFIRMED	
jeuno	THE_GOBBIEBAG_PART_X	CONFIRMED	
jeuno	IN_DEFIANT_CHALLENGE	CONFIRMED	
jeuno	ATOP_THE_HIGHEST_MOUNTAINS	CONFIRMED	
jeuno	WHENCE_BLOWS_THE_WIND	CONFIRMED	
jeuno	RIDING_ON_THE_CLOUDS	CONFIRMED	
jeuno	SHATTERING_STARS	CONFIRMED	
jeuno	NEW_WORLDS_AWAIT	CONFIRMED	
jeuno	EXPANDING_HORIZONS	CONFIRMED	
jeuno	BEYOND_THE_STARS	CONFIRMED	
jeuno	DORMANT_POWERS_DISLODGED	CONFIRMED	
jeuno	BEYOND_INFINITY	CONFIRMED	
jeuno	ALL_IN_THE_CARDS	CONFIRMED	
jeuno	MARTIAL_MASTERY	CONFIRMED	
jeuno	VW_OP_115_VALKURM_DUSTER	DEFECT	stub: accept + immediate complete, no Ig-Alima kill. voidwatch_ops.lua engine now exists; rebuild on it
jeuno	VW_OP_118_BUBURIMU_SQUALL	DEFECT	stub: accept + immediate complete, no Botulus Rex kill. voidwatch_ops.lua engine now exists; rebuild on it
jeuno	PRELUDE_TO_PUISSANCE	CONFIRMED	
jeuno	RESEARCHERS_FROM_THE_WEST	CONFIRMED	
jeuno	MIDDLE_LANDS_INVESTIGATION	CONFIRMED	
jeuno	FURTHER_FOUNTS	CONFIRMED	
jeuno	TELEPORTS_BY_TWILIGHT	CONFIRMED	
jeuno	SHIFTY_SHADES_OF_PREY	CONFIRMED	data gap: no Fomor spawns in zone 195
jeuno	TO_KILL_MOCKING_BIRDS	CONFIRMED	
jeuno	FULL_SPEED_AHEAD	PARTIAL	only the helper globals file read
ahtUrhgan	KEEPING_NOTES	CONFIRMED	
ahtUrhgan	ARTS_AND_CRAFTS	CONFIRMED	
ahtUrhgan	OLDUUM	CONFIRMED	
ahtUrhgan	GOT_IT_ALL	CONFIRMED	
ahtUrhgan	GET_THE_PICTURE	NOT_IMPLEMENTED	deliberately inert; csids undecodable from our dump, needs live !cs probe on Balakaf
ahtUrhgan	AN_EMPTY_VESSEL	CONFIRMED	
ahtUrhgan	LUCK_OF_THE_DRAW	CONFIRMED	
ahtUrhgan	NO_STRINGS_ATTACHED	CONFIRMED	
ahtUrhgan	FINDING_FAULTS	DEFECT	header admits simplified: accept + immediate complete, 3 NM investigation skipped
ahtUrhgan	GIVE_PEACE_A_CHANCE	CONFIRMED	
ahtUrhgan	THE_ART_OF_WAR	DEFECT	header admits simplified: accept + immediate complete, 3 NM kills skipped
ahtUrhgan	A_TASTE_OF_HONEY	CONFIRMED	
ahtUrhgan	SUCH_SWEET_SORROW	CONFIRMED	
ahtUrhgan	FEAR_OF_THE_DARK_II	CONFIRMED	
ahtUrhgan	COOK_A_ROON	CONFIRMED	
ahtUrhgan	THE_DIE_IS_CAST	CONFIRMED	
ahtUrhgan	TWO_HORN_THE_SAVAGE	CONFIRMED	
ahtUrhgan	TOTOROONS_TREASURE_HUNT	DEFECT	header admits simplified: accept + immediate complete, fruit trade and ??? harvest skipped
ahtUrhgan	WHAT_FRIENDS_ARE_FOR	CONFIRMED	
ahtUrhgan	ROCK_BOTTOM	CONFIRMED	
ahtUrhgan	BEGINNINGS	CONFIRMED	BLU AF1
ahtUrhgan	OMENS	CONFIRMED	BLU AF2
ahtUrhgan	TRANSFORMATIONS	CONFIRMED	BLU AF3
ahtUrhgan	EQUIPPED_FOR_ALL_OCCASIONS	CONFIRMED	COR AF1
ahtUrhgan	NAVIGATING_THE_UNFRIENDLY_SEAS	PARTIAL	only Leypoint.lua step read
ahtUrhgan	AGAINST_ALL_ODDS	PARTIAL	only Arrapago_Reef/Zone.lua step read
ahtUrhgan	THE_WAYWARD_AUTOMATON	PARTIAL	only Caedarva_Toad.lua mob hook read
ahtUrhgan	OPERATION_TEATIME	PARTIAL	only Caedarva_Mire qm10.lua step read
ahtUrhgan	PUPPETMASTER_BLUES	CONFIRMED	PUP AF3
ahtUrhgan	MOMENT_OF_TRUTH	CONFIRMED	
ahtUrhgan	THREE_MEN_AND_A_CLOSET	CONFIRMED	
ahtUrhgan	FIVE_SECONDS_OF_FAME	NOT_IMPLEMENTED	deliberately inert; csids undecodable, needs live probe. Prior stub fired csid 150 = Imperial Coin Exchange
ahtUrhgan	THE_BEAST_WITHIN	CONFIRMED	BLU limit break
ahtUrhgan	BREAKING_THE_BONDS_OF_FATE	CONFIRMED	COR limit break
ahtUrhgan	SAGA_OF_THE_SKYSERPENT	CONFIRMED	
ahtUrhgan	ODE_TO_THE_SERPENTS	CONFIRMED	
ahtUrhgan	WHEN_THE_BOW_BREAKS	CONFIRMED	
ahtUrhgan	FIST_OF_THE_PEOPLE	CONFIRMED	
ahtUrhgan	SOOTHING_WATERS	CONFIRMED	
ahtUrhgan	EMBERS_OF_HIS_PAST	CONFIRMED	
ahtUrhgan	THE_PRANKSTER	CONFIRMED	
ahtUrhgan	DELIVERING_THE_GOODS	CONFIRMED	
ahtUrhgan	VANISHING_ACT	CONFIRMED	
ahtUrhgan	STRIKING_A_BALANCE	CONFIRMED	
ahtUrhgan	NOT_MEANT_TO_BE	CONFIRMED	
ahtUrhgan	LED_ASTRAY	CONFIRMED	
ahtUrhgan	RAT_RACE	CONFIRMED	
ahtUrhgan	THE_PRINCE_AND_THE_HOPPER	CONFIRMED	
ahtUrhgan	VW_OP_050_AHT_URGAN_ASSAULT	CONFIRMED	
ahtUrhgan	VW_OP_068_SUBTERRAINEAN_SKIRMISH	CONFIRMED	
ahtUrhgan	AN_IMPERIAL_HEIST	NOT_IMPLEMENTED	deliberately inert; offer csid never decoded. Mythic arc, see ODIN_MYTHIC_ARC_TODO.md
ahtUrhgan	DUTIES_TASKS_AND_DEEDS	NOT_IMPLEMENTED	deliberately inert; csid 210 does not exist in zone 53. Gates unbuildable
ahtUrhgan	FORGING_A_NEW_MYTH	NOT_IMPLEMENTED	deliberately inert; Zahak/Balrahn bosses and Mythic pipeline absent
ahtUrhgan	COMING_FULL_CIRCLE	NOT_IMPLEMENTED	deliberately inert; csid 230 does not exist in zone 53, no Mythic pipeline
ahtUrhgan	WAKING_THE_COLOSSUS	CONFIRMED	
ahtUrhgan	DIVINE_INTERFERENCE	CONFIRMED	
ahtUrhgan	THE_RIDER_COMETH	CONFIRMED	appraisal success rates are house numbers, flagged in header
ahtUrhgan	UNWAVERING_RESOLVE	NOT_IMPLEMENTED	deliberately inert; csid 310 does not exist in zone 50, Nashmeira rows all status 6
ahtUrhgan	A_STYGIAN_PACT	NOT_IMPLEMENTED	deliberately inert; csid 320 does not exist in zone 50
ahtUrhgan	PROMOTION_PRIVATE_FIRST_CLASS	CONFIRMED	
ahtUrhgan	PROMOTION_SUPERIOR_PRIVATE	CONFIRMED	
ahtUrhgan	PROMOTION_LANCE_CORPORAL	CONFIRMED	
ahtUrhgan	PROMOTION_CORPORAL	CONFIRMED	
ahtUrhgan	PROMOTION_SERGEANT	CONFIRMED	
ahtUrhgan	PROMOTION_SERGEANT_MAJOR	CONFIRMED	
ahtUrhgan	PROMOTION_CHIEF_SERGEANT	CONFIRMED	
ahtUrhgan	PROMOTION_SECOND_LIEUTENANT	CONFIRMED	
ahtUrhgan	PROMOTION_FIRST_LIEUTENANT	CONFIRMED	
ahtUrhgan	PROMOTION_CAPTAIN	CONFIRMED	
ahtUrhgan	SCOUTING_THE_ASHU_TALIF	DEFECT	header admits simplified: accept + immediate complete, Ashu Talif BCNM skipped
ahtUrhgan	ROYAL_PAINTER_ESCORT	DEFECT	header admits simplified: accept + immediate complete, Ashu Talif BCNM skipped
ahtUrhgan	TARGETING_THE_CAPTAIN	DEFECT	header admits simplified: accept + immediate complete, Ashu Talif BCNM skipped
outlands	THE_FIREBLOOM_TREE	CONFIRMED	
outlands	GREETINGS_TO_THE_GUARDIAN	CONFIRMED	
outlands	EVERYONES_GRUDGING	CONFIRMED	
outlands	YOU_CALL_THAT_A_KNIFE	CONFIRMED	
outlands	MISSIONARY_MAN	CONFIRMED	old-style, Rauteinot.lua
outlands	GULLIBLES_TRAVELS	CONFIRMED	
outlands	EVEN_MORE_GULLIBLES_TRAVELS	PARTIAL	only Blue_Rafflesia.lua step read
outlands	PERSONAL_HYGIENE	CONFIRMED	
outlands	THE_OPO_OPO_AND_I	PARTIAL	only Bubupp.lua step read
outlands	TRIAL_BY_FIRE	CONFIRMED	
outlands	CLOAK_AND_DAGGER	CONFIRMED	
outlands	A_DISCERNING_EYE	CONFIRMED	
outlands	TRIAL_SIZE_TRIAL_BY_FIRE	CONFIRMED	
outlands	VOIDWATCH_OPS_BORDER_CROSSING	CONFIRMED	
outlands	VW_OP_054_ELSHIMO_LIST	CONFIRMED	
outlands	VW_OP_101_DETOUR_TO_ZEPWELL	CONFIRMED	
outlands	VW_OP_115_LI_TELOR_VARIANT	CONFIRMED	
outlands	SKYWARD_HO_VOIDWATCHER	CONFIRMED	
outlands	FORGE_YOUR_DESTINY	CONFIRMED	
outlands	BLACK_MARKET	CONFIRMED	
outlands	STOP_YOUR_WHINING	CONFIRMED	
outlands	TRIAL_BY_WATER	CONFIRMED	
outlands	EVERYONES_GRUDGE	CONFIRMED	
outlands	SECRET_OF_THE_DAMP_SCROLL	CONFIRMED	
outlands	THE_SAHAGINS_STASH	CONFIRMED	header comment on line 4 says Quest ID 135, same as Secret of the Damp Scroll
outlands	ITS_NOT_YOUR_VAULT	CONFIRMED	old-style, Keal.lua
outlands	LIKE_A_SHINING_SUBLIGAR	CONFIRMED	
outlands	LIKE_SHINING_LEGGINGS	CONFIRMED	
outlands	THE_SACRED_KATANA	CONFIRMED	SAM AF1
outlands	YOMI_OKURI	CONFIRMED	SAM AF2
outlands	A_THIEF_IN_NORG	CONFIRMED	SAM AF3
outlands	TWENTY_IN_PIRATE_YEARS	CONFIRMED	old-style, Ryoma.lua
outlands	I_LL_TAKE_THE_BIG_BOX	CONFIRMED	old-style, Ryoma.lua + Selbina/Zone.lua
outlands	TRUE_WILL	PARTIAL	Ryoma.lua start + Kappa_Akuso.lua kill counter read
outlands	THE_POTENTIAL_WITHIN	CONFIRMED	
outlands	BUGI_SODEN	CONFIRMED	
outlands	TRIAL_SIZE_TRIAL_BY_WATER	CONFIRMED	
outlands	AN_UNDYING_PLEDGE	CONFIRMED	
outlands	WRATH_OF_THE_OPO_OPOS	CONFIRMED	
outlands	WANDERING_SOULS	CONFIRMED	
outlands	SOUL_SEARCHING	CONFIRMED	
outlands	DIVINE_MIGHT	CONFIRMED	
outlands	DIVINE_MIGHT_REPEAT	CONFIRMED	
outlands	OPEN_SESAME	CONFIRMED	
outlands	DONT_FORGET_THE_ANTIDOTE	CONFIRMED	
outlands	THE_MISSING_PIECE	CONFIRMED	
outlands	TRIAL_BY_WIND	CONFIRMED	
outlands	THE_KUFTAL_TOUR	CONFIRMED	
outlands	THE_IMMORTAL_LU_SHANG	CONFIRMED	
outlands	TRIAL_SIZE_TRIAL_BY_WIND	CONFIRMED	
outlands	CHASING_DREAMS	CONFIRMED	
outlands	THE_SEARCH_FOR_GOLDMANE	CONFIRMED	
outlands	INDOMITABLE_SPIRIT	CONFIRMED	
crystalWar	LOST_IN_TRANSLOCATION	CONFIRMED	
crystalWar	MESSAGE_ON_THE_WINDS	CONFIRMED	
crystalWar	THE_WEEKLY_ADVENTURER	CONFIRMED	
crystalWar	HEALING_HERBS	DEFECT	header admits simplified: accept + immediate complete
crystalWar	REDEEMING_ROCKS	PARTIAL	only Vunkerl_Inlet_[S] qm4.lua step read
crystalWar	THE_DAWN_OF_DELECTABILITY	CONFIRMED	
crystalWar	A_LITTLE_KNOWLEDGE	CONFIRMED	SCH unlock
crystalWar	THE_FIGHTING_FOURTH	CONFIRMED	
crystalWar	SNAKE_ON_THE_PLAINS	CONFIRMED	
crystalWar	STEAMED_RAMS	CONFIRMED	
crystalWar	SEEING_SPOTS	CONFIRMED	
crystalWar	THE_FLIPSIDE_OF_THINGS	CONFIRMED	
crystalWar	BETTER_PART_OF_VALOR	CONFIRMED	
crystalWar	FIRES_OF_DISCONTENT	CONFIRMED	
crystalWar	HAMMERING_HEARTS	CONFIRMED	
crystalWar	GIFTS_OF_THE_GRIFFON	CONFIRMED	
crystalWar	CLAWS_OF_THE_GRIFFON	CONFIRMED	
crystalWar	THE_TIGRESS_STIRS	CONFIRMED	
crystalWar	THE_TIGRESS_STRIKES	CONFIRMED	
crystalWar	LIGHT_IN_THE_DARKNESS	CONFIRMED	
crystalWar	BURDEN_OF_SUSPICION	CONFIRMED	
crystalWar	EVIL_AT_THE_INLET	CONFIRMED	old-style, Rodeupansat.lua
crystalWar	THE_FUMBLING_FRIAR	CONFIRMED	
crystalWar	REQUIEM_FOR_THE_DEPARTED	PARTIAL	only Pecca-Pocca.lua incense step read
crystalWar	BOY_AND_THE_BEAST	CONFIRMED	
crystalWar	WRATH_OF_THE_GRIFFON	CONFIRMED	
crystalWar	THE_LOST_BOOK	CONFIRMED	
crystalWar	KNOT_QUITE_THERE	CONFIRMED	
crystalWar	A_MANIFEST_PROBLEM	DEFECT	header admits simplified: accept + immediate complete
crystalWar	BEANS_AHOY	CONFIRMED	old-style, Thierride.lua
crystalWar	BEAST_FROM_THE_EAST	PARTIAL	header admits still simplified: wrong-item csids 76/77 not wired
crystalWar	THE_SWARM	DEFECT	header admits simplified: accept + immediate complete
crystalWar	ON_SABBATICAL	CONFIRMED	SCH AF1
crystalWar	DOWNWARD_HELIX	CONFIRMED	SCH AF2
crystalWar	SEEING_BLOOD_RED	DEFECT	header admits simplified: Indescript_Markings pickup and Ulbrecht fight collapsed into Erlene-only progression
crystalWar	STORM_ON_THE_HORIZON	CONFIRMED	
crystalWar	FIRE_IN_THE_HOLE	CONFIRMED	instance not implemented; handler correctly inert
crystalWar	PERILS_OF_THE_GRIFFON	CONFIRMED	
crystalWar	IN_A_HAZE_OF_GLORY	CONFIRMED	instance not implemented; handler correctly inert
crystalWar	WHEN_ONE_MAN_IS_NOT_ENOUGH	DEFECT	header admits simplified: accept + immediate complete
crystalWar	A_FEAST_FOR_GNATS	DEFECT	header admits simplified: accept + immediate complete
crystalWar	SAY_IT_WITH_A_HANDBAG	PARTIAL	only Kipopo.lua leather step read
crystalWar	QUELLING_THE_STORM	CONFIRMED	
crystalWar	HONOR_UNDER_FIRE	CONFIRMED	instance not implemented; handler correctly inert
crystalWar	THE_PRICE_OF_VALOR	CONFIRMED	
crystalWar	BONDS_THAT_NEVER_DIE	CONFIRMED	instance not implemented; handler correctly inert
crystalWar	THE_LONG_MARCH_NORTH	DEFECT	header admits simplified: accept + immediate complete
crystalWar	THE_FORBIDDEN_PATH	DEFECT	header admits simplified: accept + immediate complete
crystalWar	A_JEWELERS_LAMENT	PARTIAL	header admits still simplified: Bernhard cutscene and North Gustaberg ??? not wired
crystalWar	BENEATH_THE_MASK	CONFIRMED	
crystalWar	WHAT_PRICE_LOYALTY	CONFIRMED	instance not implemented; handler correctly inert
crystalWar	SONGBIRDS_IN_A_SNOWSTORM	CONFIRMED	
crystalWar	BLOOD_OF_HEROES	CONFIRMED	instance not implemented; handler correctly inert
crystalWar	SINS_OF_THE_MOTHERS	DEFECT	header admits simplified: accept + immediate complete
crystalWar	HOWL_FROM_THE_HEAVENS	DEFECT	header admits simplified: accept + immediate complete
crystalWar	SUCCOR_TO_THE_SIDHE	DEFECT	header admits simplified: accept + immediate complete
crystalWar	THE_YOUNG_AND_THE_THREADLESS	CONFIRMED	
crystalWar	SON_AND_FATHER	PARTIAL	header admits still simplified: Bronze Sword hand-off loop csids 159/161/162 not wired
crystalWar	THE_TRUTH_LIES_HID	CONFIRMED	
crystalWar	BONDS_OF_MYTHRIL	CONFIRMED	battlefield not implemented; handler correctly gated
crystalWar	CHASING_SHADOWS	CONFIRMED	
crystalWar	FACE_OF_THE_FUTURE	CONFIRMED	instance not implemented; handler correctly inert
crystalWar	MANIFEST_DESTINY	DEFECT	header admits simplified: accept + immediate complete
crystalWar	AT_JOURNEYS_END	DEFECT	header admits simplified: accept + immediate complete
crystalWar	HER_MEMORIES_HOMECOMING_QUEEN	CONFIRMED	
crystalWar	HER_MEMORIES_OLD_BEAN	CONFIRMED	implemented in Her_Memories_Homecoming_Queen.lua
crystalWar	HER_MEMORIES_THE_FAUX_PAS	CONFIRMED	implemented in Her_Memories_Homecoming_Queen.lua
crystalWar	HER_MEMORIES_THE_GRAVE_RESOLVE	CONFIRMED	implemented in Her_Memories_Homecoming_Queen.lua
crystalWar	HER_MEMORIES_OPERATION_CUPID	CONFIRMED	
crystalWar	HER_MEMORIES_CARNELIAN_FOOTFALLS	CONFIRMED	
crystalWar	HER_MEMORIES_AZURE_FOOTFALLS	CONFIRMED	
crystalWar	HER_MEMORIES_VERDURE_FOOTFALLS	DEFECT	header admits simplified: accept + immediate complete
crystalWar	HER_MEMORIES_OF_MALIGN_MALADIES	CONFIRMED	
crystalWar	CHAMPION_OF_THE_DAWN	DEFECT	header admits simplified: accept + immediate complete
crystalWar	THE_DAWN_ALSO_RISES	DEFECT	header admits simplified: accept + immediate complete
crystalWar	A_FORBIDDEN_REUNION	DEFECT	header admits simplified: accept + immediate complete
crystalWar	GUARDIAN_OF_THE_VOID	CONFIRMED	
crystalWar	DRAFTED_BY_THE_DUCHY	CONFIRMED	
crystalWar	BATTLE_ON_A_NEW_FRONT	CONFIRMED	
crystalWar	VOIDWALKER_OP_126	CONFIRMED	
crystalWar	A_CAIT_CALLS	CONFIRMED	
crystalWar	THE_TRUTH_IS_OUT_THERE	CONFIRMED	
crystalWar	REDRAFTED_BY_THE_DUCHY	CONFIRMED	
crystalWar	A_NEW_MENACE	CONFIRMED	blocked leg: Gwynn Ap Nudd has no mob_spawn_points row
crystalWar	NO_REST_FOR_THE_WEARY	CONFIRMED	Bulwark Gate has no cutscene program; plain interaction, documented
crystalWar	A_WORLD_IN_FLUX	CONFIRMED	
crystalWar	BETWEEN_A_ROCK_AND_RIFT	CONFIRMED	
crystalWar	A_FAREWELL_TO_FELINES	CONFIRMED	
crystalWar	THIRD_TOUR_OF_DUCHY	CONFIRMED	
crystalWar	GLIMMER_OF_HOPE	CONFIRMED	glimmer blocks are 1-byte stubs; plain KI swap, documented
crystalWar	BRACE_FOR_THE_UNKNOWN	CONFIRMED	
crystalWar	PROVENANCE	CONFIRMED	
crystalWar	CRYSTAL_GUARDIAN	CONFIRMED	
crystalWar	ENDINGS_AND_BEGINNINGS	CONFIRMED	
crystalWar	AD_INFINITUM	CONFIRMED	intentionally sectionless; never completes, per bg-wiki
abyssea	CATERING_CAPERS	CONFIRMED	
abyssea	GIFT_OF_LIGHT	CONFIRMED	header flags minigame success option value as unconfirmed
abyssea	FEAR_OF_THE_DARK_III	CONFIRMED	older upstream-style file, no bg-wiki header
abyssea	AN_EYE_FOR_REVENGE	CONFIRMED	
abyssea	UNBREAK_HIS_HEART	CONFIRMED	
abyssea	EXPLOSIVE_ENDEAVORS	CONFIRMED	
abyssea	THE_ANGLING_ARMORER	CONFIRMED	
abyssea	WATER_OF_LIFE	CONFIRMED	
abyssea	OUT_OF_TOUCH	CONFIRMED	Aaveleon csid 220 used but not documented in header
abyssea	LOST_MEMORIES	CONFIRMED	
abyssea	HOPE_BLOOMS_ON_THE_BATTLEFIELD	CONFIRMED	
abyssea	OF_MALNOURISHED_MARTELLOS	CONFIRMED	martello menu is client-masked; driven via printToPlayer per martello.lua precedent
abyssea	ROSE_ON_THE_HEATH	CONFIRMED	
abyssea	FULL_OF_HIMSELF_ALCHEMIST	CONFIRMED	
abyssea	THE_WALKING_WOUNDED	CONFIRMED	stale header note: prereq Full-of-Himself Alchemist is now implemented
abyssea	SHADY_BUSINESS_REDUX	CONFIRMED	
abyssea	ADDLED_MIND_UNDYING_DREAMS	CONFIRMED	
abyssea	THE_SOUL_OF_THE_MATTER	CONFIRMED	csids verified live; runs on soulgauger.lua
abyssea	SECRET_AGENT_MAN	CONFIRMED	stale header note: prereq The Soul of the Matter is now implemented
abyssea	PLAYING_PAPARAZZI	CONFIRMED	
abyssea	HIS_BOX_HIS_BELOVED	CONFIRMED	starfruit drop chance 25 is an invented rate; bg-wiki publishes none
abyssea	WEAPONS_NOT_WORRIES	CONFIRMED	
abyssea	CLEANSING_THE_CANYON	CONFIRMED	stale header note: martello_ops.lua now implements Refuel and Replenish
abyssea	SAVORY_SALVATION	CONFIRMED	
abyssea	BRINGING_DOWN_THE_MOUNTAIN	CONFIRMED	Baladanzo csid 334 used but not documented in header
abyssea	A_STERLING_SPECIMEN	CONFIRMED	
abyssea	FOR_LOVE_OF_A_DAUGHTER	CONFIRMED	
abyssea	SISTERS_IN_CRIME	CONFIRMED	
abyssea	WHEN_GOOD_CARDIANS_GO_BAD	CONFIRMED	csids verified live; multi-select report menu decoded
abyssea	TANGLING_WITH_TONGUE_TWISTERS	CONFIRMED	
abyssea	A_WARD_TO_END_ALL_WARDS	CONFIRMED	
abyssea	THE_BOXWATCHERS_BEHEST	CONFIRMED	conflux-failure branch implemented but not hooked into conflux script; documented
abyssea	HIS_BRIDGE_HIS_BELOVED	CONFIRMED	repeat cruor formula 150+(n-1)*233 is derived, not published
abyssea	BAD_COMMUNICATION	CONFIRMED	
abyssea	FAMILY_TIES	CONFIRMED	
abyssea	AQUA_PURA	CONFIRMED	
abyssea	AQUA_PURAGA	CONFIRMED	
abyssea	WHITHER_THE_WHISKER	CONFIRMED	
abyssea	SCATTERED_SHELLS_SCATTERED_MIND	CONFIRMED	
abyssea	WAYWARD_WARES	CONFIRMED	
abyssea	LOOKING_FOR_LOOKOUTS	CONFIRMED	
abyssea	FLOWN_THE_COOP	CONFIRMED	
abyssea	THREADBARE_TRIBULATIONS	CONFIRMED	seal drop rate 30 is owner-supplied, documented as such
abyssea	AN_OFFER_YOU_CANT_REFUSE	CONFIRMED	augment weights and seal rate owner-supplied, documented as such
abyssea	SOMETHING_IN_THE_AIR	CONFIRMED	gasponia stamen chance 35 unpublished, flagged in header
abyssea	AN_ACRIDIDAEN_ANODYNE	CONFIRMED	
abyssea	HAZY_PROSPECTS	CONFIRMED	csids verified live; miasma respawn 300s is our tuning
abyssea	FOR_WANT_OF_A_POT	NOT_IMPLEMENTED	no quest file; joiner mis-attributes Windurst_Waters/npcs/Ranpi-Monpi.lua on a comment match. Family_Ties gates on it
abyssea	MISSING_IN_ACTION	CONFIRMED	
abyssea	I_DREAM_OF_FLOWERS	CONFIRMED	
abyssea	DESTINY_ODYSSEY	CONFIRMED	
abyssea	UNIDENTIFIED_RESEARCH_OBJECT	CONFIRMED	
abyssea	COOKBOOK_OF_HOPE_RESTORING	CONFIRMED	only 2 of bg-wiki's 4 ??? spots exist in npc_list; documented as a placement gap
abyssea	SMOKE_OVER_THE_COAST	CONFIRMED	
abyssea	SOIL_AND_GREEN	CONFIRMED	fertilizer time limit 300s is our tuning; colour is rolled, documented
abyssea	DROPPING_THE_BOMB	CONFIRMED	moisture rejection rate 50 percent unpublished, documented
abyssea	WANTED_MEDICAL_SUPPLIES	CONFIRMED	csids verified live; KI granted on the shared pyxis path
abyssea	VOICES_FROM_BEYOND	CONFIRMED	
abyssea	BENEVOLENCE_LOST	CONFIRMED	
abyssea	BRUGAIRES_AMBITION	CONFIRMED	elixir combat effect is item behaviour, out of scope, documented
abyssea	CHOCOBO_PANIC	CONFIRMED	
abyssea	THE_EGG_ENTHUSIAST	CONFIRMED	carry limit 300s is our tuning; breakage modelled on HP loss plus time
abyssea	GETTING_LUCKY	CONFIRMED	two documented deviations: closes at Kurou-Morou not Cornelia, 2 of 3 Scuff Marks placed
abyssea	HER_FATHERS_LEGACY	CONFIRMED	
abyssea	THE_MYSTERIOUS_HEAD_PATROL	CONFIRMED	
abyssea	MASTER_MISSING_MASTER_MISSED	CONFIRMED	
abyssea	THE_PERILS_OF_KORORO	CONFIRMED	stale header note: prereqs 64 and 65 are now implemented
abyssea	LET_THERE_BE_LIGHT	CONFIRMED	conflux coal destruction deliberately not modelled, documented
abyssea	LOOK_OUT_BELOW	CONFIRMED	csids verified live; 268 update-vs-finish protocol unconfirmed, both paths wired
abyssea	HOME_HOME_ON_THE_RANGE	CONFIRMED	
abyssea	IMPERIAL_ESPIONAGE	CONFIRMED	
abyssea	IMPERIAL_ESPIONAGE_II	CONFIRMED	csids verified live
abyssea	BOREAL_BLOSSOMS	CONFIRMED	
abyssea	BROTHERS_IN_ARMS	CONFIRMED	
abyssea	SCOUTS_ASTRAY	CONFIRMED	
abyssea	FROZEN_FLAME_REDUX	CONFIRMED	blast detection is proximity, not the real mobskill; documented as our model
abyssea	SLIP_SLIDIN_AWAY	CONFIRMED	run window 90s and miss allowance 2 are ours, documented
abyssea	CLASSROOMS_WITHOUT_BORDERS	CONFIRMED	
abyssea	THE_SECRET_INGREDIENT	CONFIRMED	
abyssea	HELP_NOT_WANTED	CONFIRMED	csids verified live
abyssea	THE_TITUS_TOUCH	CONFIRMED	
abyssea	SLACKING_SUBORDINATES	CONFIRMED	csids verified live; report params mapped empirically on the puppet
abyssea	MOTHERLY_LOVE	CONFIRMED	
abyssea	LOOK_TO_THE_SKY	CONFIRMED	
abyssea	THE_UNMARKED_TOMB	CONFIRMED	
abyssea	PROOF_OF_THE_LION	CONFIRMED	
abyssea	BRYGID_THE_STYLIST_STRIKES_BACK	CONFIRMED	csids verified live; gear pool from FFXIclopedia, documented
abyssea	DOMINION_OP_01_ALTEPA	CONFIRMED	
abyssea	DOMINION_OP_02_ALTEPA	CONFIRMED	
abyssea	DOMINION_OP_03_ALTEPA	CONFIRMED	
abyssea	DOMINION_OP_04_ALTEPA	CONFIRMED	
abyssea	DOMINION_OP_05_ALTEPA	CONFIRMED	
abyssea	DOMINION_OP_06_ALTEPA	CONFIRMED	
abyssea	DOMINION_OP_07_ALTEPA	CONFIRMED	
abyssea	DOMINION_OP_08_ALTEPA	CONFIRMED	
abyssea	DOMINION_OP_09_ALTEPA	CONFIRMED	
abyssea	DOMINION_OP_10_ALTEPA	CONFIRMED	
abyssea	DOMINION_OP_11_ALTEPA	CONFIRMED	
abyssea	DOMINION_OP_12_ALTEPA	CONFIRMED	
abyssea	DOMINION_OP_13_ALTEPA	CONFIRMED	
abyssea	DOMINION_OP_14_ALTEPA	CONFIRMED	
abyssea	DOMINION_OP_01_ULEGUERAND	CONFIRMED	
abyssea	DOMINION_OP_02_ULEGUERAND	CONFIRMED	
abyssea	DOMINION_OP_03_ULEGUERAND	CONFIRMED	
abyssea	DOMINION_OP_04_ULEGUERAND	CONFIRMED	
abyssea	DOMINION_OP_05_ULEGUERAND	CONFIRMED	
abyssea	DOMINION_OP_06_ULEGUERAND	CONFIRMED	
abyssea	DOMINION_OP_07_ULEGUERAND	CONFIRMED	
abyssea	DOMINION_OP_08_ULEGUERAND	CONFIRMED	
abyssea	DOMINION_OP_09_ULEGUERAND	CONFIRMED	
abyssea	DOMINION_OP_10_ULEGUERAND	CONFIRMED	
abyssea	DOMINION_OP_11_ULEGUERAND	CONFIRMED	
abyssea	DOMINION_OP_12_ULEGUERAND	CONFIRMED	
abyssea	DOMINION_OP_13_ULEGUERAND	CONFIRMED	
abyssea	DOMINION_OP_14_ULEGUERAND	CONFIRMED	
abyssea	DOMINION_OP_01_GRAUBERG	CONFIRMED	
abyssea	DOMINION_OP_02_GRAUBERG	CONFIRMED	
abyssea	DOMINION_OP_03_GRAUBERG	CONFIRMED	
abyssea	DOMINION_OP_04_GRAUBERG	CONFIRMED	
abyssea	DOMINION_OP_05_GRAUBERG	CONFIRMED	
abyssea	DOMINION_OP_06_GRAUBERG	CONFIRMED	
abyssea	DOMINION_OP_07_GRAUBERG	CONFIRMED	
abyssea	DOMINION_OP_08_GRAUBERG	CONFIRMED	
abyssea	DOMINION_OP_09_GRAUBERG	CONFIRMED	
abyssea	REFUEL_AND_REPLENISH_LA_THEINE	CONFIRMED	shared martello_ops.lua engine; tower menu masked, printToPlayer per precedent
abyssea	REFUEL_AND_REPLENISH_KONSCHTAT	CONFIRMED	
abyssea	REFUEL_AND_REPLENISH_TAHRONGI	CONFIRMED	
abyssea	REFUEL_AND_REPLENISH_ATTOHWA	CONFIRMED	
abyssea	REFUEL_AND_REPLENISH_MISAREAUX	CONFIRMED	
abyssea	REFUEL_AND_REPLENISH_VUNKERL	CONFIRMED	
abyssea	REFUEL_AND_REPLENISH_ALTEPA	CONFIRMED	AL-02 tower absent from npc_list; 7 towers wired
abyssea	REFUEL_AND_REPLENISH_ULEGUERAND	CONFIRMED	
abyssea	REFUEL_AND_REPLENISH_GRAUBERG	CONFIRMED	
abyssea	A_MIGHTIER_MARTELLO_LA_THEINE	CONFIRMED	
abyssea	A_MIGHTIER_MARTELLO_KONSCHTAT	CONFIRMED	
abyssea	A_MIGHTIER_MARTELLO_TAHRONGI	CONFIRMED	
abyssea	A_MIGHTIER_MARTELLO_ATTOHWA	CONFIRMED	
abyssea	A_MIGHTIER_MARTELLO_MISAREAUX	CONFIRMED	
abyssea	A_MIGHTIER_MARTELLO_VUNKERL	CONFIRMED	bg-wiki fame-area typo corrected to avun, documented
abyssea	A_MIGHTIER_MARTELLO_ALTEPA	CONFIRMED	AL-02 tower absent from npc_list; 7 towers wired
abyssea	A_MIGHTIER_MARTELLO_ULEGUERAND	CONFIRMED	
abyssea	A_MIGHTIER_MARTELLO_GRAUBERG	CONFIRMED	
abyssea	A_JOURNEY_BEGINS	CONFIRMED	
abyssea	THE_TRUTH_BECKONS	CONFIRMED	
abyssea	DAWN_OF_DEATH	CONFIRMED	
abyssea	A_GOLDSTRUCK_GIGAS	CONFIRMED	
abyssea	TO_PASTE_A_PEISTE	CONFIRMED	
abyssea	MEGADRILE_MENACE	CONFIRMED	zone misfile fixed to Tahrongi Canyon; documented in header
abyssea	THE_FORBIDDEN_FRONTIER	CONFIRMED	
abyssea	FIRST_CONTACT	CONFIRMED	wrapping-hour bug fixed to or
abyssea	AN_OFFICER_AND_A_PIRATE	CONFIRMED	
abyssea	HEART_OF_MADNESS	CONFIRMED	
abyssea	TENUOUS_EXISTENCE	CONFIRMED	wrapping-hour bug fixed to or
abyssea	CHAMPIONS_OF_ABYSSEA	CONFIRMED	
abyssea	THE_BEAST_OF_BASTORE	CONFIRMED	
abyssea	A_DELECTABLE_DEMON	CONFIRMED	
abyssea	A_FLUTTERY_FIEND	CONFIRMED	
abyssea	SCARS_OF_ABYSSEA	CONFIRMED	
abyssea	A_BEAKED_BLUSTERER	CONFIRMED	
abyssea	A_MAN_EATING_MITE	CONFIRMED	
abyssea	AN_ULCEROUS_URAGNITE	CONFIRMED	
abyssea	HEROES_OF_ABYSSEA	CONFIRMED	
abyssea	A_SEA_DOGS_SUMMONS	CONFIRMED	wrapping-hour bug fixed to or
abyssea	DEATH_AND_REBIRTH	CONFIRMED	
abyssea	EMISSARIES_OF_GOD	CONFIRMED	
abyssea	BENEATH_A_BLOOD_RED_SKY	CONFIRMED	
abyssea	THE_WYRM_GOD	CONFIRMED	32001 correctly gated on battlefieldWin
abyssea	MEANWHILE_BACK_ON_ABYSSEA	CONFIRMED	
abyssea	A_MOONLIGHT_REQUITE	CONFIRMED	never completes by design, per bg-wiki
abyssea	DOMINION_OP_10_GRAUBERG	CONFIRMED	
abyssea	DOMINION_OP_11_GRAUBERG	CONFIRMED	
abyssea	DOMINION_OP_12_GRAUBERG	CONFIRMED	
abyssea	DOMINION_OP_13_GRAUBERG	CONFIRMED	
abyssea	DOMINION_OP_14_GRAUBERG	CONFIRMED	
adoulin	TWITHERYM_DUST	CONFIRMED	
adoulin	TO_CATCH_A_PREDATOR	CONFIRMED	csids verified live; bait drop rate 25 is our tuning
adoulin	EMPTY_NEST	CONFIRMED	
adoulin	DONT_CLAM_UP_ON_ME_NOW	CONFIRMED	
adoulin	HOP_TO_IT	CONFIRMED	swarm threshold rolled 3-6; bg-wiki says the count is random
adoulin	BOILING_OVER	CONFIRMED	
adoulin	POISONING_THE_WELL	CONFIRMED	
adoulin	UNSULLIED_LANDS	CONFIRMED	
adoulin	NO_RIME_LIKE_THE_PRESENT	CONFIRMED	
adoulin	A_GEOTHERMAL_EXPEDITION	CONFIRMED	five time bands are ours; five-reading structure is retail
adoulin	ENDEAVORING_TO_AWAKEN	DEFECT	RUN AF2. Header admits simplified to one NM because Sverdheid is unplaced; no csids, printToPlayer throughout
adoulin	FORGING_NEW_BONDS	DEFECT	RUN AF3. No csids at all; entire flow is printToPlayer
adoulin	LEGACIES_LOST_AND_FOUND	DEFECT	RUN AF4. Header admits simplified from retail: Strange Apparatus trivia replaced with a single Ohruru visit
adoulin	DESTINYS_DEVICE	DEFECT	RUN AF5. No csids at all; entire flow is printToPlayer
adoulin	GRANDDADDY_DEAREST	PARTIAL	csids for the delivery legs never found; driven with printToPlayer, documented
adoulin	WAYWARD_WAYPOINTS	CONFIRMED	zone NPC script, not the framework
adoulin	FAILURE_IS_NOT_AN_OPTION	CONFIRMED	zone NPC script, not the framework
adoulin	ORDER_UP	CONFIRMED	zone NPC script, not the framework
adoulin	FERTILE_GROUND	CONFIRMED	zone NPC script, not the framework
adoulin	IT_NEVER_GOES_OUT_OF_STYLE	CONFIRMED	
adoulin	WATER_WATER_EVERYWHERE	CONFIRMED	
adoulin	DIRT_CHEAP	CONFIRMED	
adoulin	FLOWER_POWER	CONFIRMED	
adoulin	ELEMENTARY_MY_DEAR_SYLVIE	DEFECT	GEO AF2. No csids at all; entire flow is printToPlayer
adoulin	FOR_WHOM_THE_BELL_TOLLS	DEFECT	GEO AF3. No csids at all; entire flow is printToPlayer
adoulin	THE_BLOODLINE_OF_ZACARIAH	DEFECT	GEO AF4. No csids; printToPlayer throughout, and a raw item id 4042 instead of an enum
adoulin	THE_COMMUNION	DEFECT	GEO AF5. No csids at all; entire flow is printToPlayer
adoulin	FLAVORS_OF_OUR_LIVES	CONFIRMED	TODO left in place: blightberry KI is never removed on completion
adoulin	WESTERN_WAYPOINTS_HO	CONFIRMED	csids verified live
adoulin	WESEASTERN_WAYPOINTS_HO	CONFIRMED	csids verified live
adoulin	GRIND_TO_SAWDUST	CONFIRMED	csids verified live; reive participation inferred from a Knotted_Root kill, documented
adoulin	BREAKING_THE_ICE	CONFIRMED	
adoulin	IM_ON_A_BOAT	CONFIRMED	
adoulin	A_STONES_THROW_AWAY	PARTIAL	unreachable: Morimar HELM is not implemented so Prog never reaches 1 and the turn-in cannot fire
adoulin	HIDE_AND_GO_PEAK	CONFIRMED	
adoulin	THE_WHOLE_PLACE_IS_ABUZZ	PARTIAL	no csids found for this quest; whole flow is printToPlayer plus plain interactions
adoulin	OROBON_APPETIT	CONFIRMED	
adoulin	TALK_ABOUT_WRINKLY_SKIN	CONFIRMED	csids verified live; the undress gate is deliberately not enforced, documented
adoulin	NO_LOVE_LOST	CONFIRMED	
adoulin	DONT_EVER_LEAF_ME	CONFIRMED	zone NPC script, not the framework
adoulin	SCAREDYCATS	CONFIRMED	zone NPC script, not the framework
adoulin	RAPTOR_RAPTURE	CONFIRMED	driven from Western_Adoulin Zone.lua onZoneIn
adoulin	EXOTIC_DELICACIES	CONFIRMED	deadlock in section 2 gate already fixed and documented
adoulin	A_PIONEERS_BEST_IMAGINARY_FRIEND	CONFIRMED	
adoulin	HUNGER_STRIKES	CONFIRMED	missing zone wrapper already fixed and documented
adoulin	THE_OLD_MAN_AND_THE_HARPOON	CONFIRMED	
adoulin	A_CERTAIN_SUBSTITUTE_PATROLMAN	CONFIRMED	header !addquest line says 76, the enum resolves to 78
adoulin	IT_SETS_MY_HEART_AFLUTTER	CONFIRMED	
adoulin	TRANSPORTING	CONFIRMED	
adoulin	THE_STARVING	CONFIRMED	missing zone wrapper already fixed and documented
adoulin	ALWAYS_MORE_QUOTH_THE_RAVENOUS	CONFIRMED	three broken gates already fixed; raw item ids 4234/4541 and AH cat 58 still hardcoded
adoulin	MEGALOMANIAC	CONFIRMED	csids verified live; 10 waypoints placed vs bg-wiki's 9, completes at 9 distinct
adoulin	THE_LONGEST_WAY_ROUND	CONFIRMED	
adoulin	A_GOOD_PAIR_OF_CROCS	CONFIRMED	
adoulin	CAFETERIA	CONFIRMED	csids verified live
adoulin	A_SHOT_IN_THE_DARK	CONFIRMED	
adoulin	OPEN_THE_FLOODGATES	CONFIRMED	csids verified live
adoulin	NO_LAUGHING_MATTER	CONFIRMED	csids probed live; synth-failure rate deliberately not invented
adoulin	ALL_THE_WAY_TO_THE_BANK	CONFIRMED	zone NPC script, not the framework
adoulin	VEGETABLE_VEGETABLE_REVOLUTION	CONFIRMED	
adoulin	VEGETABLE_VEGETABLE_EVOLUTION	CONFIRMED	
adoulin	VEGETABLE_VEGETABLE_CRISIS	CONFIRMED	zone NPC script, not the framework
adoulin	VEGETABLE_VEGETABLE_FRUSTRATION	CONFIRMED	one-game-day wait after Crisis deliberately not enforced, documented
adoulin	DO_NOT_GO_INTO_THE_LIGHT	CONFIRMED	zone NPC script, not the framework
adoulin	A_THIRST_FOR_THE_AGES	CONFIRMED	zone NPC script, not the framework
adoulin	DANCES_WITH_LUOPANS	CONFIRMED	driven from Ceizak_Battlegrounds Zone.lua trigger areas
adoulin	CHILDREN_OF_THE_RUNE	CONFIRMED	zone NPC script, not the framework
adoulin	VELKKOVERT_OPERATIONS	CONFIRMED	csids probed live; earlier wrong 5054/5055/5056 assignment already corrected
adoulin	HYPOCRITICAL_OATH	CONFIRMED	zone NPC script, not the framework
adoulin	NOTSOCLEAN_BILL	CONFIRMED	zone NPC script, not the framework
adoulin	LERENES_LAMENT	CONFIRMED	
adoulin	THE_CURIOUS_CASE_OF_MELVIEN	CONFIRMED	zone NPC script, not the framework
adoulin	THE_WEATHERSPOON_WAR	CONFIRMED	zone NPC script, not the framework
sandoria	THE_SETTING_SUN	CONFIRMED	
sandoria	PEACE_FOR_THE_SPIRIT	PARTIAL	joiner attributes only the FeiYin Dry_Fountain step; the offer and turn-in live in other zone scripts not read here
sandoria	CHASING_QUOTAS	PARTIAL	joiner mis-attributes Chateau Rahal.lua, which only reads this quest's completion as the Knight Stalker gate
jeuno	THE_WONDER_MAGIC_SET	PARTIAL	joiner mis-attributes Lower_Jeuno Naruru.lua, which only reads this quest's status to gate Cook's Pride
jeuno	THE_KIND_CARDIAN	PARTIAL	joiner mis-attributes Lower_Jeuno Naruru.lua; it fires flavour csids 31/71/72 but never begins or completes the quest
jeuno	PAST_REFLECTIONS	NOT_IMPLEMENTED	joiner mis-attributes Tosuka-Porika.lua on a header comment; that file has no handler for this quest
jeuno	BLESSED_RADIANCE	NOT_IMPLEMENTED	joiner mis-attributes Tosuka-Porika.lua on a header comment; that file has no handler for this quest
otherAreas	PICTURE_PERFECT	PARTIAL	joiner mis-attributes Lamepaue.lua, the cutscene-replay NPC, which only reads completion to unlock replays
otherAreas	RECORDS_OF_EMINENCE	NOT_IMPLEMENTED	joiner mis-attributes roe_records.lua; Lamepaue's replay entry for it is commented out as undefined
abyssea	WARD_WARDEN_I_ATTOHWA	CONFIRMED	sack mechanic in resistance_sapper.lua; menu and data table decoded
abyssea	WARD_WARDEN_I_MISAREAUX	CONFIRMED	sack mechanic in resistance_sapper.lua
abyssea	WARD_WARDEN_I_VUNKERL	CONFIRMED	sack mechanic in resistance_sapper.lua
abyssea	WARD_WARDEN_II_ATTOHWA	PARTIAL	chocobo escort mechanic is declared but has no handler; op can be accepted and never turned in
abyssea	WARD_WARDEN_II_MISAREAUX	PARTIAL	chocobo escort mechanic is declared but has no handler; op can be accepted and never turned in
abyssea	WARD_WARDEN_II_VUNKERL	PARTIAL	chocobo escort mechanic is declared but has no handler; op can be accepted and never turned in
abyssea	DESERT_RAIN_I_ATTOHWA	CONFIRMED	sack mechanic in resistance_sapper.lua
abyssea	DESERT_RAIN_I_MISAREAUX	CONFIRMED	sack mechanic in resistance_sapper.lua
abyssea	DESERT_RAIN_I_VUNKERL	CONFIRMED	sack mechanic in resistance_sapper.lua
abyssea	DESERT_RAIN_II_ATTOHWA	PARTIAL	chocobo escort mechanic is declared but has no handler; op can be accepted and never turned in
abyssea	DESERT_RAIN_II_MISAREAUX	PARTIAL	chocobo escort mechanic is declared but has no handler; op can be accepted and never turned in
abyssea	DESERT_RAIN_II_VUNKERL	PARTIAL	chocobo escort mechanic is declared but has no handler; op can be accepted and never turned in
abyssea	CRIMSON_CARPET_I_ATTOHWA	CONFIRMED	rear-trap mechanic in resistance_sapper.lua
abyssea	CRIMSON_CARPET_I_MISAREAUX	CONFIRMED	rear-trap mechanic in resistance_sapper.lua
abyssea	CRIMSON_CARPET_I_VUNKERL	CONFIRMED	rear-trap mechanic in resistance_sapper.lua
abyssea	CRIMSON_CARPET_II_ATTOHWA	CONFIRMED	fore-trap mechanic in resistance_sapper.lua
abyssea	CRIMSON_CARPET_II_MISAREAUX	CONFIRMED	fore-trap mechanic in resistance_sapper.lua
abyssea	CRIMSON_CARPET_II_VUNKERL	CONFIRMED	fore-trap mechanic in resistance_sapper.lua
